ts	phase	decision	why	evidence	result
2026-09-30T17:20:06Z	review	Kept the candidate unchanged after independent investor, UI, engineering and advisor reviews	No concrete defect remains; speculative code changes would not prove live research or investor task quality	project-record/4-log/2026-09-30-investor-ui-review-and-gate-refresh.md	No further product code edit justified; external and rendered-task evidence remains open.
2026-09-30T17:20:06Z	rights	Kept Jev requests gated after checking the current TypeSafe Master Customer Agreement	The account Order, authorized account owner, billing settings, telemetry and retention evidence are absent	https://typesafe.ai/legal/mca; project-record/4-log/2026-09-30-investor-ui-review-and-gate-refresh.md	No Jev request made; account evidence remains a live-operation gate.
2026-09-30T17:21:23Z	review	Corrected the stale processingRequired contract comment found by the bounded comment audit	The database contract also covers Yahoo quote and chart persistence through domain-specific processors	server/db.ts; project-record/4-log/2026-09-30-investor-ui-review-and-gate-refresh.md	Comment now matches both observation and price-point paths; no new suppressions were found.
2026-09-30T17:36:16Z	verification	Corrected the stale gate trail after the independent audit and scheduled a fresh frozen-source verify/check	The prior verify and subsequent check passed, but this trace correction changes the fingerprint; the earlier artifact is no longer final evidence	project-record/4-log/live-data-etl-evidence.json; project-record/3-project-specs/sentiment-desk-completion.md; /Users/jurgis/.codex/scripts/live_data_etl_gate.py	Rerun verify then check after this record freeze; store the exact final check receipt in the evidence artifact, which is excluded from the source fingerprint.
2026-09-30T17:41:16Z	verification	Recorded the successful frozen-source verify/check after the trace correction	Verify completed at 17:39:57Z and check returned exit 0 at 17:41:16Z; all five declared checks passed	project-record/4-log/live-data-etl-evidence.json; /Users/jurgis/.codex/scripts/live_data_etl_gate.py	PASS for code fingerprint 951ca63b8cec7246872c9526300d482d8c72e2ebe2c7d0c33acae4af1faf108c; this later trace update requires a final gate run, and its latest artifact supersedes this result.
2026-09-30T17:46:24Z	review	Accepted the final read-only whole-build engineering review as checkpoint evidence	No reproducible local code defect remains; the latest ratings are bounded because rendered UI and investor task outcomes were not observed	project-record/4-log/2026-09-30-investor-ui-review-and-gate-refresh.md; project-record/3-project-specs/sentiment-desk-completion.md	Saved-data UI 8/10, investor workflow 7/10, operations 3/10; external gates remain open, so this checkpoint cannot complete the goal.
2026-09-30T17:49:52Z	verification	Recorded the prior frozen-source verify/check result before correcting the audit wording	The 17:49:39Z verify and this 17:49:52Z check both passed for the same fingerprint; the following trace edit requires a final gate rerun	project-record/4-log/live-data-etl-evidence.json; /Users/jurgis/.codex/scripts/live_data_etl_gate.py	Prior PASS fingerprint 839573c4bd9111204ea4996edd89ced8143dd1e71ed988b933852b537ff2fcc3; the latest evidence artifact after the trace freeze is authoritative.
2026-09-30T19:10:08Z	review	Accepted fresh bounded investor, UI, whole-build, and GPT-6.1 Sol advisor evidence	Separate reviewers found no further reproducible local defect; live Jev quality and investor task outcomes remain unproven	project-record/4-log/2026-09-30-investor-ui-review-and-gate-refresh.md; project-record/3-project-specs/sentiment-desk-completion.md	Investor saved-data 8.8/10 and live readiness 2/10; UI categories 8.5/9/8.5/8/8.5; whole-build UI 8.5, saved-data evidence 8, live readiness 2; no 10/10 claim.
2026-09-30T19:10:08Z	rendered-ui	Reconciled live accessibility and rendered evidence against the project snapshot	The previous trace said rendered UI was unavailable despite the open saved-data preview; current readback proves Adobe selection, 7D/3D windows, exact chart bucket drilldown, and keyboard table	http://127.0.0.1:8797/; project-record/4-log/2026-09-30-investor-ui-review-and-gate-refresh.md	Parent Adobe 7D showed 58 scored records across 23 buckets and zero new records/24h; independent Adobe 3D review showed 51 scored records/20 buckets, 40 of 47 scored first-page records in repeated exact-title groups, and seven unlinked historical source rows. No eligible saved Yahoo price points; external requests and Jev paused.
2026-09-30T19:10:08Z	chart-interpretation	Kept the sequential impact index and visible record-count pane	The GPT-6.1 Sol advisor found the index order-sensitive by design; smoothing would obscure score-completion sequence without evidence that it improves investor decisions	server/scoring.ts; web/src/components/SeriesChart.tsx; project-record/4-log/2026-09-30-investor-ui-review-and-gate-refresh.md	Large swings are Jev impact-index movements across saved records, not stock returns or independent investor consensus; task-based validation is still required.
2026-09-30T19:12:20Z	checkpoint	Pushed the saved-data UI and freshness checkpoint to the existing GitHub branch	The branch was behind local changes and the user has explicitly requested regular GitHub checkpoints	codex/real-data-rebuild; cf6a9c552765187d81e7216ea50ab9eca8576811	Remote readback matched cf6a9c552765187d81e7216ea50ab9eca8576811; final frozen-source verify/check follows this trace update.
2026-09-30T20:44:43Z	capacity	Added a repeatable local saved-data API read-capacity check	A measured 24-company workflow needed a bounded reproducible check; this adds tooling and evidence only, not an app latency claim	package.json; scripts/verify-local-read-capacity.py; project-record/4-log/2026-09-30-local-read-capacity.md	PASS: 24 configured companies, 2,347 sampled mention rows, all HTTP 200; no external fetch; source database and clone core counts unchanged; latency reported without a threshold.
2026-09-30T21:02:28Z	verification	Restarted the existing verification-only Colima profile and reran the frozen-source gate	The first attempt failed because the configured Docker socket was absent while the profile was stopped; the bounded credential-free smoke passed after startup	project-record/4-log/live-data-etl-evidence.json; scripts/verify-live-compose.sh	PASS: all five declared checks; 27 quotes across 24 companies; a real publisher-timed Google News item remained pending after container recreation; follow-up check passed.
2026-09-30T21:14:35Z	handoff	Kept the per-observation classifier and deferred event grouping pending independently reviewed real data	The saved database has only 3 SEC observations from one company, and same-title matches do not prove shared event identity	project-record/3-project-specs/sentiment-desk-completion.md; project-record/4-log/2026-09-30-local-read-capacity.md	Open: 30-issuer real-source Jev evaluation, two blind human labels, deterministic baseline comparison, and the persisted UI-to-alert task path.
2026-10-01T00:15:05Z	alert-observability	Added aggregate alert attention counts, prioritized history paging, and a validated older-outcome API	The engineering review reproduced a terminal failure disappearing after ten newer alerts; counts alone left older alert evidence inaccessible	server/db.ts; server/app.ts; web/src/components/HealthPanel.tsx; tests/app-health-alerts.test.ts	Old failures stay summarized across all rows and operators can page through older outcomes; API tests cover pagination and malformed cursor rejection.
2026-10-01T00:15:05Z	responsive-health	Moved Desk health beside Desk controls and included Jev and collector degradation in its collapsed signal	At common widths the sidebar health panel was hidden, and a neutral collapsed label concealed partial/overdue collectors and Jev failures	web/src/App.tsx; web/src/components/HealthPanel.tsx; tests/health-panel.test.ts	Expanded source, ingestion, Jev, and event details are reachable below 2xl; source errors only count while newer than last success.
2026-10-01T00:15:05Z	review	Addressed all actionable local findings from the current investor, UI, and whole-build reviews	The bounded saved-data scores remain below 10 and real Jev quality/account/source evidence is not established; visual polish cannot close those research gates	project-record/3-project-specs/sentiment-desk-completion.md; AGENT_BOARD.md	Investor saved-data UX 8.5/10 and live readiness 2/10; UI last rated 8.4/10 before top placement; engineering saved-data UX 8.5/10, operations 7/10, live readiness 2/10. No 10/10 claim.
2026-10-01T00:15:05Z	verification	Recorded final local checks before freezing the source for live-data ETL verification	A final reviewed checkpoint needs full regression, types, offline startup, bounded keyless smoke, and an evidence fingerprint that matches the pushed tree	project-record/4-log/live-data-etl-evidence.json; engineering-contract.json	PASS: 332 tests across 46 files, typecheck, npm audit with zero vulnerabilities, and gitleaks scan with no leaks; ignored 84 MB databases exceed the 20 MB scanner limit. Frozen-source verify/check and refreshed rendered UI are next.
2026-10-01T00:36:56Z	review	Accepted fresh investor, UI, and whole-build re-reviews after the webhook empty-state fix	All reviewers found the new unconfigured-webhook state clearer; live research remains gated by source, account, labels, SEC contact, and historical usage evidence	project-record/4-log/2026-09-30-investor-ui-review-and-gate-refresh.md; AGENT_BOARD.md	Investor saved-data workflow 8.6/10 and live 2/10; UI 8.6/10 overall and 8.5 health/alerts; whole-build saved UX 8.5/10, operations 7.5/10, live 2/10. No 10/10 claim; reviewers lacked coordinator browser access.
2026-10-01T00:36:56Z	rendered-ui	Rebuilt and verified the current saved-data Desk, webhook empty state, company selection, and range controls in the in-app browser	The final viewport must show real saved evidence and honest empty/freshness states after fixing the visible stock-selection and missing-chart concern	http://127.0.0.1:8798/; project-record/4-log/2026-09-30-investor-ui-review-and-gate-refresh.md	At 1280x720, AAPL 7D showed 334 saved scored records across 37 buckets and 24H showed 0; ADBE selection updated the view and showed 58/23 in 7D. Webhook not configured, external requests paused, Jev paused, source age about 2d, no eligible saved Yahoo price series. No synthetic app data.
2026-10-01T00:36:56Z	secret-scan	Scoped Gitleaks source scanning away from the Git-ignored mutable SQLite database	The unscoped 20 MB scan reported redacted Coinbase-token patterns only in data/desk.db-wal, which is runtime data and is never committed	.gitleaks.toml; project-record/4-log/2026-09-30-investor-ui-review-and-gate-refresh.md	PASS: Gitleaks v8.30.1 scanned 9.88 MB of source with no leaks; the 84 MB SQLite database exceeds the scanner limit and is excluded as mutable runtime data.
2026-10-01T00:36:56Z	verification	Froze local code and project records for the final code-bound live-data ETL verify/check	The previous 2026-09-30T21:21:29Z PASS predates this candidate and cannot establish current status	project-record/4-log/live-data-etl-evidence.json; project-record/3-project-specs/live-data-etl.json; /Users/jurgis/.codex/scripts/live_data_etl_gate.py	PRE-RUN TRACE: 333 tests/46 files, typecheck, build, dependency audit, diff check, Gitleaks passed; final ETL verifier/check outcome is written only to the matching code-fingerprint evidence artifact. No tracked record edits after the freeze.
2026-10-01T00:46:32Z	etl-contract-validation	The first current ETL verify stopped before running any declared check	Schema validation found missing source acquisition declarations and source IDs on every check; no provider requests were made	project-record/3-project-specs/live-data-etl.json; /Users/jurgis/.codex/scripts/live_data_etl_gate.py	FAIL at contract validation only; previous PASS is stale and does not bind to this candidate.
2026-10-01T00:46:32Z	etl-contract-repair	Upgraded the declaration to schema 2 with adapter paths, source-bound checks, and explicit observation versus locator semantics	The contract previously treated publisher metadata as current observations and had no machine-verifiable source/check mapping	project-record/3-project-specs/live-data-etl.json; project-record/4-log/2026-09-30-investor-ui-review-and-gate-refresh.md	Set live_claim=false; required bounded keyless smoke remains mapped only to Google News RSS, Yahoo Finance RSS, GDELT, Yahoo quote, and Yahoo chart. Fixture/failure/replay and offline gates remain required for declared sources.
2026-10-01T00:46:32Z	pre-final-etl-gate	Froze repaired code and project records for a fresh verifier/check run	Prior 2026-10-01T00:36:56Z freeze note was superseded by contract changes and does not describe this candidate	project-record/3-project-specs/live-data-etl.json; project-record/4-log/live-data-etl-evidence.json	Pending verify then check; no tracked file edits after this freeze. The evidence artifact is excluded from its own fingerprint.
2026-10-01T00:48:35Z	etl-cache-contract-validation	A second current ETL verify stopped before executing checks	Schema validation required network and cache delivery states for timestamped-observation sources; no provider requests were made	project-record/3-project-specs/live-data-etl.json; /Users/jurgis/.codex/scripts/live_data_etl_gate.py	FAIL at contract validation only; all earlier freeze notes are superseded.
2026-10-01T00:48:35Z	etl-cache-contract-repair	Declared saved-value cache fallback without changing source observation timestamps	The schema requires network/cache paths for observed sources; Yahoo chart memory cache is bounded by its implemented one-minute TTL	project-record/3-project-specs/live-data-etl.json; server/market.ts; server/app.ts	Local ETL contract validator: zero issues. Saved data remain historical; no cache use resets age.
2026-10-01T00:48:35Z	pre-final-etl-gate	Froze repaired contract and records for the complete ETL verify/check	The 00:46 freeze note preceded the cache-mode correction and is superseded	project-record/3-project-specs/live-data-etl.json; project-record/4-log/live-data-etl-evidence.json	Pending full verify then check; no tracked edits after this freeze.
2026-10-01T00:54:07Z	live-smoke-runtime	Repaired only the dedicated Sentiment Desk Docker runtime and passed the bounded live Compose smoke	The gate smoke failed because its preconfigured Docker context was missing and its profile was stopped; the current selected context was a different Citrini build	scripts/verify-live-compose.sh; project-record/3-project-specs/live-data-etl.json	Started existing sentiment-desk-verify Colima profile with --activate=false. Real keyless smoke: 27 quotes, 24 companies, Google News pending observation persisted across container recreation. No Jev, optional key, webhook, or user DB.
2026-10-01T00:54:07Z	pre-final-etl-verify	Froze the repaired contract, runtime evidence, and project records for one complete verifier/check pass	The earlier gate receipt records a stopped-profile smoke failure and cannot bind to the final run	project-record/3-project-specs/live-data-etl.json; project-record/4-log/live-data-etl-evidence.json	Pending new verify then check. No tracked edits after this freeze; then commit and push the checkpoint.
2026-10-01T01:02:05Z	final-etl-receipt	All five frozen schema-2 ETL checks passed and the matching receipt was confirmed	A prior stale PASS, malformed schema, and stopped runtime could not establish this candidate; the final run followed the dedicated runtime recovery	project-record/3-project-specs/live-data-etl.json; project-record/4-log/live-data-etl-evidence.json	PASS at 2026-10-01T00:58:07Z: fixture, failure recovery, replay, offline source requests, five-source real keyless live/restart smoke. Product-wide live claim remains false.
2026-10-01T01:02:05Z	engineering-acceptance	Ran the read-only engineering acceptance check after the pushed checkpoint	A passing source/ETL gate is not the same as independent research evaluation or complete alignment evidence	engineering-contract.json; .engineering-evidence/receipt.json	FAIL: missing evidence receipt. No passing alignment review is available; real-source Jev/human-label/account evidence remains missing.
2026-10-01T01:02:05Z	trace-checkpoint-freeze	Recorded final bounded review scores and outstanding acceptance inputs; frozen-source ETL verify/check and trace-only checkpoint are next	The branch SHA and previous remote readback were verified before this final trace update	AGENT_BOARD.md; project-record/3-project-specs/sentiment-desk-completion.md; project-record/4-log/live-data-etl-evidence.json	No 10/10, generalized scale, or production-readiness claim. Product remains saved-data-only, external requests/Jev paused, Radar disabled. Push exact final SHA after the final matching ETL receipt.
2026-10-01T08:21:58Z	goal-resumption-audit	Kept the native goal objective unchanged after checking its state and the saved evaluation data	The existing objective still matches acceptance, but the current 24-issuer database has no delivery-linked observations for the required 30-issuer real-source evaluation	project-record/4-log/2026-10-01-goal-resumption-audit.md; b4238bb70225392e66ddb57a279dbb17a9942c1e	Native goal remains blocked; exact post-freeze ETL result is recorded in live-data-etl-evidence.json. External account, source, reviewer, and historical-usage evidence remains open.
2026-10-01T08:22:15Z	trace-log-correction	Normalized the draft timestamp to the checkpoint log's ISO 8601 UTC form before committing	The initial staged draft used a UTC suffix that was not parseable as the log's established Z form; the committed row is corrected here	project-record/4-log/2026-10-01-goal-resumption-audit.md; project-record/4-log/2026-09-30-final-checkpoint.tsv	Both goal audit rows now have parseable ISO 8601 UTC timestamps; decision and evidence are unchanged.
2026-10-01T08:41:13Z	live-smoke-runtime	Started the existing Sentiment Desk verification profile after the frozen-source smoke could not reach Docker	The declared Docker context had no socket because its Colima VM was stopped; the failed smoke made no provider requests	scripts/verify-live-compose.sh; project-record/4-log/live-data-etl-evidence.json	colima-sentiment-desk-verify started with activation disabled; Citrini remained untouched; rerun the five-check verifier against this frozen trace.
2026-10-01T08:59:33Z	jev-evaluation-scope	Separated the SEC sample-size gap from missing ingestion receipt links	The evaluator requires SEC filing provenance and at least 30 issuer clusters; the database has three SEC rows from one issuer, while zero delivery IDs is a separate persistence-lineage gap	scripts/jev-label-evaluation.ts; project-record/4-log/2026-10-01-goal-resumption-audit.md	No claim that delivery_id is an evaluator schema field; both acceptance gaps remain.
2026-10-01T08:59:33Z	pipeline-replay-reproduction	Re-ran the failing replay command by itself after the full gate reported a failure	The isolated run tests whether the failure reproduces alone; a pass does not establish the cause of the earlier full-gate failure	npm test -- --reporter=dot tests/pipeline.test.ts tests/db.test.ts tests/provider-pollers.test.ts tests/app-price.test.ts tests/series-chart-state.test.ts --maxWorkers=1 --testTimeout=20000	PASS: 89 tests across five files; original failure cause remains unidentified.
2026-10-01T08:59:33Z	keyless-smoke-reproduction	Re-ran the scoped live smoke after restoring the stopped Desk Docker context	The smoke writes only to its temporary Compose database and tests real keyless source delivery plus restart persistence	scripts/verify-live-compose.sh; project-record/4-log/live-data-etl-evidence.json	PASS: 27 quotes, 24 companies, a real pending Yahoo RSS observation survived container recreation, host health returned HTTP 200 twice, and the script removed its temporary volume. No Jev or app database.
2026-10-01T08:59:33Z	pre-final-etl-gate	Froze the goal audit and recovery records for a fresh complete verifier/check	The failed verifier receipt and separate reproductions do not bind a passing result to the final trace	project-record/4-log/2026-09-30-final-checkpoint.tsv; project-record/4-log/live-data-etl-evidence.json	Pending fresh verify then check; do not use the earlier PASS or failed receipt as final.
2026-10-01T09:11:36Z	pre-final-goal-checkpoint	Froze the corrected goal-status record after the independent trace review	The review found and corrected a stale instruction to keep the goal active; the current service state is blocked and another frozen-source gate run is required	project-record/3-project-specs/sentiment-desk-completion.md; project-record/4-log/2026-10-01-goal-resumption-audit.md	Pending complete ETL verify then check. No tracked edits after this freeze; the evidence JSON is excluded from its own fingerprint.
